
CREATE TABLE public.authorities (
    id integer NOT NULL,
    name character varying(200) NOT NULL,
    deleted smallint DEFAULT 0 NOT NULL,
    created timestamp without time zone DEFAULT CURRENT_TIMESTAMP,
    modified timestamp without time zone DEFAULT CURRENT_TIMESTAMP,
    trial728 character(1)
);


ALTER TABLE public.authorities OWNER TO snmnriznbzwqdz;

--
-- TOC entry 209 (class 1259 OID 16396)
-- Name: authorities_id_seq; Type: SEQUENCE; Schema: public; Owner: snmnriznbzwqdz
--

CREATE SEQUENCE public.authorities_id_seq
    AS integer
    START WITH 1
    INCREMENT BY 1
    NO MINVALUE
    NO MAXVALUE
    CACHE 1;


ALTER TABLE public.authorities_id_seq OWNER TO snmnriznbzwqdz;

--
-- TOC entry 3459 (class 0 OID 0)
-- Dependencies: 209
-- Name: authorities_id_seq; Type: SEQUENCE OWNED BY; Schema: public; Owner: snmnriznbzwqdz
--

ALTER SEQUENCE public.authorities_id_seq OWNED BY public.authorities.id;


--
-- TOC entry 212 (class 1259 OID 16407)
-- Name: authorized_grant_types; Type: TABLE; Schema: public; Owner: snmnriznbzwqdz
--

CREATE TABLE public.authorized_grant_types (
    id integer NOT NULL,
    name character varying(50) NOT NULL,
    deleted smallint DEFAULT 0 NOT NULL,
    created timestamp without time zone DEFAULT CURRENT_TIMESTAMP NOT NULL,
    modified timestamp without time zone DEFAULT CURRENT_TIMESTAMP NOT NULL,
    trial731 character(1)
);


ALTER TABLE public.authorized_grant_types OWNER TO snmnriznbzwqdz;

--
-- TOC entry 211 (class 1259 OID 16406)
-- Name: authorized_grant_types_id_seq; Type: SEQUENCE; Schema: public; Owner: snmnriznbzwqdz
--

CREATE SEQUENCE public.authorized_grant_types_id_seq
    AS integer
    START WITH 1
    INCREMENT BY 1
    NO MINVALUE
    NO MAXVALUE
    CACHE 1;


ALTER TABLE public.authorized_grant_types_id_seq OWNER TO snmnriznbzwqdz;

--
-- TOC entry 3460 (class 0 OID 0)
-- Dependencies: 211
-- Name: authorized_grant_types_id_seq; Type: SEQUENCE OWNED BY; Schema: public; Owner: snmnriznbzwqdz
--

ALTER SEQUENCE public.authorized_grant_types_id_seq OWNED BY public.authorized_grant_types.id;


--
-- TOC entry 214 (class 1259 OID 16417)
-- Name: medico; Type: TABLE; Schema: public; Owner: snmnriznbzwqdz
--

CREATE TABLE public.medico (
    idmedico integer NOT NULL,
    nombre character varying(45) NOT NULL,
    apellido character varying(45) NOT NULL,
    profesion character varying(45),
    consulta integer,
    trial731 character(1)
);


ALTER TABLE public.medico OWNER TO snmnriznbzwqdz;

--
-- TOC entry 213 (class 1259 OID 16416)
-- Name: medico_idmedico_seq; Type: SEQUENCE; Schema: public; Owner: snmnriznbzwqdz
--

CREATE SEQUENCE public.medico_idmedico_seq
    AS integer
    START WITH 1
    INCREMENT BY 1
    NO MINVALUE
    NO MAXVALUE
    CACHE 1;


ALTER TABLE public.medico_idmedico_seq OWNER TO snmnriznbzwqdz;

--
-- TOC entry 3461 (class 0 OID 0)
-- Dependencies: 213
-- Name: medico_idmedico_seq; Type: SEQUENCE OWNED BY; Schema: public; Owner: snmnriznbzwqdz
--

ALTER SEQUENCE public.medico_idmedico_seq OWNED BY public.medico.idmedico;


--
-- TOC entry 215 (class 1259 OID 16423)
-- Name: oauth_access_token; Type: TABLE; Schema: public; Owner: snmnriznbzwqdz
--

CREATE TABLE public.oauth_access_token (
    token_id character varying(255),
    token bytea,
    authentication_id character varying(255) NOT NULL,
    user_name character varying(255),
    client_id character varying(255),
    authentication bytea,
    refresh_token character varying(255),
    trial734 character(1)
);


ALTER TABLE public.oauth_access_token OWNER TO snmnriznbzwqdz;

--
-- TOC entry 216 (class 1259 OID 16432)
-- Name: oauth_refresh_token; Type: TABLE; Schema: public; Owner: snmnriznbzwqdz
--

CREATE TABLE public.oauth_refresh_token (
    token_id character varying(255),
    token bytea,
    authentication bytea,
    trial734 character(1)
);


ALTER TABLE public.oauth_refresh_token OWNER TO snmnriznbzwqdz;

--
-- TOC entry 218 (class 1259 OID 16438)
-- Name: paciente; Type: TABLE; Schema: public; Owner: snmnriznbzwqdz
--

CREATE TABLE public.paciente (
    idpaciente integer NOT NULL,
    dni character varying(45) NOT NULL,
    nombre character varying(45),
    apellido character varying(45),
    telefono character varying(45),
    trial734 character(1)
);


ALTER TABLE public.paciente OWNER TO snmnriznbzwqdz;

--
-- TOC entry 217 (class 1259 OID 16437)
-- Name: paciente_idpaciente_seq; Type: SEQUENCE; Schema: public; Owner: snmnriznbzwqdz
--

CREATE SEQUENCE public.paciente_idpaciente_seq
    AS integer
    START WITH 1
    INCREMENT BY 1
    NO MINVALUE
    NO MAXVALUE
    CACHE 1;


ALTER TABLE public.paciente_idpaciente_seq OWNER TO snmnriznbzwqdz;

--
-- TOC entry 3462 (class 0 OID 0)
-- Dependencies: 217
-- Name: paciente_idpaciente_seq; Type: SEQUENCE OWNED BY; Schema: public; Owner: snmnriznbzwqdz
--

ALTER SEQUENCE public.paciente_idpaciente_seq OWNED BY public.paciente.idpaciente;


--
-- TOC entry 220 (class 1259 OID 16445)
-- Name: resources; Type: TABLE; Schema: public; Owner: snmnriznbzwqdz
--

CREATE TABLE public.resources (
    id integer NOT NULL,
    name character varying(50) NOT NULL,
    deleted smallint DEFAULT 0 NOT NULL,
    created timestamp without time zone DEFAULT CURRENT_TIMESTAMP NOT NULL,
    modified timestamp without time zone DEFAULT CURRENT_TIMESTAMP NOT NULL,
    trial734 character(1)
);


ALTER TABLE public.resources OWNER TO snmnriznbzwqdz;

--
-- TOC entry 219 (class 1259 OID 16444)
-- Name: resources_id_seq; Type: SEQUENCE; Schema: public; Owner: snmnriznbzwqdz
--

CREATE SEQUENCE public.resources_id_seq
    AS integer
    START WITH 1
    INCREMENT BY 1
    NO MINVALUE
    NO MAXVALUE
    CACHE 1;


ALTER TABLE public.resources_id_seq OWNER TO snmnriznbzwqdz;

--
-- TOC entry 3463 (class 0 OID 0)
-- Dependencies: 219
-- Name: resources_id_seq; Type: SEQUENCE OWNED BY; Schema: public; Owner: snmnriznbzwqdz
--

ALTER SEQUENCE public.resources_id_seq OWNED BY public.resources.id;


--
-- TOC entry 222 (class 1259 OID 16455)
-- Name: scopes; Type: TABLE; Schema: public; Owner: snmnriznbzwqdz
--

CREATE TABLE public.scopes (
    id integer NOT NULL,
    name character varying(50) NOT NULL,
    deleted smallint DEFAULT 0 NOT NULL,
    created timestamp without time zone DEFAULT CURRENT_TIMESTAMP NOT NULL,
    modified timestamp without time zone DEFAULT CURRENT_TIMESTAMP NOT NULL,
    trial734 character(1)
);


ALTER TABLE public.scopes OWNER TO snmnriznbzwqdz;

--
-- TOC entry 221 (class 1259 OID 16454)
-- Name: scopes_id_seq; Type: SEQUENCE; Schema: public; Owner: snmnriznbzwqdz
--

CREATE SEQUENCE public.scopes_id_seq
    AS integer
    START WITH 1
    INCREMENT BY 1
    NO MINVALUE
    NO MAXVALUE
    CACHE 1;


ALTER TABLE public.scopes_id_seq OWNER TO snmnriznbzwqdz;

--
-- TOC entry 3464 (class 0 OID 0)
-- Dependencies: 221
-- Name: scopes_id_seq; Type: SEQUENCE OWNED BY; Schema: public; Owner: snmnriznbzwqdz
--

ALTER SEQUENCE public.scopes_id_seq OWNED BY public.scopes.id;


--
-- TOC entry 224 (class 1259 OID 16465)
-- Name: turno; Type: TABLE; Schema: public; Owner: snmnriznbzwqdz
--

CREATE TABLE public.turno (
    idturno integer NOT NULL,
    fecha date NOT NULL,
    hora time without time zone NOT NULL,
    atendido smallint DEFAULT 0,
    idpaciente integer,
    idmedico integer,
    trial734 character(1)
);


ALTER TABLE public.turno OWNER TO snmnriznbzwqdz;

--
-- TOC entry 223 (class 1259 OID 16464)
-- Name: turno_idturno_seq; Type: SEQUENCE; Schema: public; Owner: snmnriznbzwqdz
--

CREATE SEQUENCE public.turno_idturno_seq
    AS integer
    START WITH 1
    INCREMENT BY 1
    NO MINVALUE
    NO MAXVALUE
    CACHE 1;


ALTER TABLE public.turno_idturno_seq OWNER TO snmnriznbzwqdz;

--
-- TOC entry 3465 (class 0 OID 0)
-- Dependencies: 223
-- Name: turno_idturno_seq; Type: SEQUENCE OWNED BY; Schema: public; Owner: snmnriznbzwqdz
--

ALTER SEQUENCE public.turno_idturno_seq OWNED BY public.turno.idturno;


--
-- TOC entry 226 (class 1259 OID 16475)
-- Name: usuarios; Type: TABLE; Schema: public; Owner: snmnriznbzwqdz
--

CREATE TABLE public.usuarios (
    usuarioid integer NOT NULL,
    usuariocodigo character varying(100),
    usuarioclave character varying(150),
    usuariodesc character varying(80) DEFAULT ''::character varying,
    usuariohabi double precision DEFAULT 0 NOT NULL,
    usuariodelete integer DEFAULT 0 NOT NULL,
    accesstokenvalidityseconds integer DEFAULT 3600 NOT NULL,
    refreshtokenvalidityseconds integer DEFAULT 2629800 NOT NULL,
    trial738 character(1)
);


ALTER TABLE public.usuarios OWNER TO snmnriznbzwqdz;

--
-- TOC entry 227 (class 1259 OID 16487)
-- Name: usuarios_authorities; Type: TABLE; Schema: public; Owner: snmnriznbzwqdz
--

CREATE TABLE public.usuarios_authorities (
    usuarioid bigint NOT NULL,
    id_authority integer NOT NULL,
    trial738 character(1)
);


ALTER TABLE public.usuarios_authorities OWNER TO snmnriznbzwqdz;

--
-- TOC entry 228 (class 1259 OID 16493)
-- Name: usuarios_authorized_grant_types; Type: TABLE; Schema: public; Owner: snmnriznbzwqdz
--

CREATE TABLE public.usuarios_authorized_grant_types (
    usuarioid bigint NOT NULL,
    id_authorized_grant_types integer NOT NULL,
    trial738 character(1)
);


ALTER TABLE public.usuarios_authorized_grant_types OWNER TO snmnriznbzwqdz;

--
-- TOC entry 229 (class 1259 OID 16499)
-- Name: usuarios_resources; Type: TABLE; Schema: public; Owner: snmnriznbzwqdz
--

CREATE TABLE public.usuarios_resources (
    usuarioid bigint NOT NULL,
    id_resource integer NOT NULL,
    trial738 character(1)
);


ALTER TABLE public.usuarios_resources OWNER TO snmnriznbzwqdz;

--
-- TOC entry 230 (class 1259 OID 16505)
-- Name: usuarios_scopes; Type: TABLE; Schema: public; Owner: snmnriznbzwqdz
--

CREATE TABLE public.usuarios_scopes (
    usuarioid bigint NOT NULL,
    id_scope integer NOT NULL,
    trial741 character(1)
);


ALTER TABLE public.usuarios_scopes OWNER TO snmnriznbzwqdz;

--
-- TOC entry 225 (class 1259 OID 16474)
-- Name: usuarios_usuarioid_seq; Type: SEQUENCE; Schema: public; Owner: snmnriznbzwqdz
--

CREATE SEQUENCE public.usuarios_usuarioid_seq
    AS integer
    START WITH 1
    INCREMENT BY 1
    NO MINVALUE
    NO MAXVALUE
    CACHE 1;


ALTER TABLE public.usuarios_usuarioid_seq OWNER TO snmnriznbzwqdz;

--
-- TOC entry 3466 (class 0 OID 0)
-- Dependencies: 225
-- Name: usuarios_usuarioid_seq; Type: SEQUENCE OWNED BY; Schema: public; Owner: snmnriznbzwqdz
--

ALTER SEQUENCE public.usuarios_usuarioid_seq OWNED BY public.usuarios.usuarioid;


--
-- TOC entry 3223 (class 2604 OID 16400)
-- Name: authorities id; Type: DEFAULT; Schema: public; Owner: snmnriznbzwqdz
--

ALTER TABLE ONLY public.authorities ALTER COLUMN id SET DEFAULT nextval('public.authorities_id_seq'::regclass);


--
-- TOC entry 3227 (class 2604 OID 16410)
-- Name: authorized_grant_types id; Type: DEFAULT; Schema: public; Owner: snmnriznbzwqdz
--

ALTER TABLE ONLY public.authorized_grant_types ALTER COLUMN id SET DEFAULT nextval('public.authorized_grant_types_id_seq'::regclass);


--
-- TOC entry 3231 (class 2604 OID 16420)
-- Name: medico idmedico; Type: DEFAULT; Schema: public; Owner: snmnriznbzwqdz
--

ALTER TABLE ONLY public.medico ALTER COLUMN idmedico SET DEFAULT nextval('public.medico_idmedico_seq'::regclass);


--
-- TOC entry 3232 (class 2604 OID 16441)
-- Name: paciente idpaciente; Type: DEFAULT; Schema: public; Owner: snmnriznbzwqdz
--

ALTER TABLE ONLY public.paciente ALTER COLUMN idpaciente SET DEFAULT nextval('public.paciente_idpaciente_seq'::regclass);


--
-- TOC entry 3233 (class 2604 OID 16448)
-- Name: resources id; Type: DEFAULT; Schema: public; Owner: snmnriznbzwqdz
--

ALTER TABLE ONLY public.resources ALTER COLUMN id SET DEFAULT nextval('public.resources_id_seq'::regclass);


--
-- TOC entry 3237 (class 2604 OID 16458)
-- Name: scopes id; Type: DEFAULT; Schema: public; Owner: snmnriznbzwqdz
--

ALTER TABLE ONLY public.scopes ALTER COLUMN id SET DEFAULT nextval('public.scopes_id_seq'::regclass);


--
-- TOC entry 3241 (class 2604 OID 16468)
-- Name: turno idturno; Type: DEFAULT; Schema: public; Owner: snmnriznbzwqdz
--

ALTER TABLE ONLY public.turno ALTER COLUMN idturno SET DEFAULT nextval('public.turno_idturno_seq'::regclass);


--
-- TOC entry 3243 (class 2604 OID 16478)
-- Name: usuarios usuarioid; Type: DEFAULT; Schema: public; Owner: snmnriznbzwqdz
--

ALTER TABLE ONLY public.usuarios ALTER COLUMN usuarioid SET DEFAULT nextval('public.usuarios_usuarioid_seq'::regclass);


--
-- TOC entry 3432 (class 0 OID 16397)
-- Dependencies: 210
-- Data for Name: authorities; Type: TABLE DATA; Schema: public; Owner: snmnriznbzwqdz
--

INSERT INTO public.authorities (id, name, deleted, created, modified, trial728) VALUES (1, 'get', 0, '2021-11-16 17:08:12', '2021-11-16 17:08:12', 'T');
INSERT INTO public.authorities (id, name, deleted, created, modified, trial728) VALUES (2, 'post', 0, '2021-11-16 17:08:12', '2021-11-16 17:08:12', 'T');
INSERT INTO public.authorities (id, name, deleted, created, modified, trial728) VALUES (3, 'put', 0, '2021-11-16 17:08:12', '2021-11-16 17:08:12', 'T');
INSERT INTO public.authorities (id, name, deleted, created, modified, trial728) VALUES (4, 'delete', 0, '2021-11-16 17:08:12', '2021-11-16 17:08:12', 'T');
INSERT INTO public.authorities (id, name, deleted, created, modified, trial728) VALUES (5, 'get_all_medico', 0, '2021-11-27 20:42:49', '2021-11-28 13:14:13', 'T');
INSERT INTO public.authorities (id, name, deleted, created, modified, trial728) VALUES (6, 'get_medico', 0, '2021-11-27 20:43:13', '2021-11-27 20:43:13', 'T');
INSERT INTO public.authorities (id, name, deleted, created, modified, trial728) VALUES (7, 'post_medico', 0, '2021-11-27 20:43:30', '2021-11-27 20:43:30', 'T');
INSERT INTO public.authorities (id, name, deleted, created, modified, trial728) VALUES (8, 'put_medico', 0, '2021-11-27 20:43:41', '2021-11-27 20:43:41', 'T');
INSERT INTO public.authorities (id, name, deleted, created, modified, trial728) VALUES (9, 'delete_medico', 0, '2021-11-27 20:43:49', '2021-11-27 20:43:49', 'T');
INSERT INTO public.authorities (id, name, deleted, created, modified, trial728) VALUES (10, 'get_all_paciente', 0, '2021-11-27 20:44:10', '2021-11-28 13:12:57', 'T');
INSERT INTO public.authorities (id, name, deleted, created, modified, trial728) VALUES (11, 'get_paciente', 0, '2021-11-27 20:44:17', '2021-11-27 20:44:17', 'T');
INSERT INTO public.authorities (id, name, deleted, created, modified, trial728) VALUES (12, 'post_paciente', 0, '2021-11-27 20:44:25', '2021-11-27 20:44:25', 'T');
INSERT INTO public.authorities (id, name, deleted, created, modified, trial728) VALUES (13, 'put_paciente', 0, '2021-11-27 20:44:31', '2021-11-27 20:44:31', 'T');
INSERT INTO public.authorities (id, name, deleted, created, modified, trial728) VALUES (14, 'delete_paciente', 0, '2021-11-27 20:44:37', '2021-11-27 20:44:37', 'T');
INSERT INTO public.authorities (id, name, deleted, created, modified, trial728) VALUES (15, 'get_all_turno', 0, '2021-11-27 20:44:54', '2021-11-28 13:14:04', 'T');
INSERT INTO public.authorities (id, name, deleted, created, modified, trial728) VALUES (16, 'get_turno', 0, '2021-11-27 20:45:02', '2021-11-27 20:45:02', 'T');
INSERT INTO public.authorities (id, name, deleted, created, modified, trial728) VALUES (17, 'put_turno', 0, '2021-11-27 20:45:10', '2021-11-27 20:45:10', 'T');
INSERT INTO public.authorities (id, name, deleted, created, modified, trial728) VALUES (18, 'post_turno', 0, '2021-11-27 20:45:19', '2021-11-27 20:45:19', 'T');
INSERT INTO public.authorities (id, name, deleted, created, modified, trial728) VALUES (19, 'delete_turno', 0, '2021-11-27 20:45:26', '2021-11-27 20:45:26', 'T');


--
-- TOC entry 3434 (class 0 OID 16407)
-- Dependencies: 212
-- Data for Name: authorized_grant_types; Type: TABLE DATA; Schema: public; Owner: snmnriznbzwqdz
--

INSERT INTO public.authorized_grant_types (id, name, deleted, created, modified, trial731) VALUES (1, 'password', 0, '2020-10-01 13:35:24', '2020-10-01 13:35:24', 'T');
INSERT INTO public.authorized_grant_types (id, name, deleted, created, modified, trial731) VALUES (2, 'client_credentials', 0, '2020-10-01 13:35:24', '2020-10-01 13:35:24', 'T');
INSERT INTO public.authorized_grant_types (id, name, deleted, created, modified, trial731) VALUES (3, 'refresh_token', 0, '2020-10-01 13:35:25', '2020-10-01 13:35:25', 'T');


--
-- TOC entry 3436 (class 0 OID 16417)
-- Dependencies: 214
-- Data for Name: medico; Type: TABLE DATA; Schema: public; Owner: snmnriznbzwqdz
--

INSERT INTO public.medico (idmedico, nombre, apellido, profesion, consulta, trial731) VALUES (1, 'Ronald', 'Mc Donald', 'Cirujano', 10000, 'T');
INSERT INTO public.medico (idmedico, nombre, apellido, profesion, consulta, trial731) VALUES (2, 'Vin', 'Diesel', 'Ginecologo', 2500, 'T');
INSERT INTO public.medico (idmedico, nombre, apellido, profesion, consulta, trial731) VALUES (3, '', '', 'clinico', 1500, 'T');
INSERT INTO public.medico (idmedico, nombre, apellido, profesion, consulta, trial731) VALUES (4, 'Raton', 'Perez', 'Odontologo', 500, 'T');


--
-- TOC entry 3437 (class 0 OID 16423)
-- Dependencies: 215
-- Data for Name: oauth_access_token; Type: TABLE DATA; Schema: public; Owner: snmnriznbzwqdz
--

INSERT INTO public.oauth_access_token (token_id, token, authentication_id, user_name, client_id, authentication, refresh_token, trial734) VALUES ('b812d939db809aaf0423da75aff615e4', '\xaced0005737200436f72672e737072696e676672616d65776f726b2e73656375726974792e6f61757468322e636f6d6d6f6e2e44656661756c744f4175746832416363657373546f6b656e0cb29e361b24face0200064c00156164646974696f6e616c496e666f726d6174696f6e74000f4c6a6176612f7574696c2f4d61703b4c000a65787069726174696f6e7400104c6a6176612f7574696c2f446174653b4c000c72656672657368546f6b656e74003f4c6f72672f737072696e676672616d65776f726b2f73656375726974792f6f61757468322f636f6d6d6f6e2f4f417574683252656672657368546f6b656e3b4c000573636f706574000f4c6a6176612f7574696c2f5365743b4c0009746f6b656e547970657400124c6a6176612f6c616e672f537472696e673b4c000576616c756571007e000578707372001e6a6176612e7574696c2e436f6c6c656374696f6e7324456d7074794d6170593614855adce7d002000078707372000e6a6176612e7574696c2e44617465686a81014b597419030000787077080000017d676df098787372004c6f72672e737072696e676672616d65776f726b2e73656375726974792e6f61757468322e636f6d6d6f6e2e44656661756c744578706972696e674f417574683252656672657368546f6b656e2fdf47639dd0c9b70200014c000a65787069726174696f6e71007e0002787200446f72672e737072696e676672616d65776f726b2e73656375726974792e6f61757468322e636f6d6d6f6e2e44656661756c744f417574683252656672657368546f6b656e73e10e0a6354d45e0200014c000576616c756571007e0005787074002430636365343365622d363562302d343730622d393262312d3238396163383364356134377371007e000977080000017e03f6924c78737200256a6176612e7574696c2e436f6c6c656374696f6e7324556e6d6f6469666961626c65536574801d92d18f9b80550200007872002c6a6176612e7574696c2e436f6c6c656374696f6e7324556e6d6f6469666961626c65436f6c6c656374696f6e19420080cb5ef71e0200014c0001637400164c6a6176612f7574696c2f436f6c6c656374696f6e3b7870737200176a6176612e7574696c2e4c696e6b656448617368536574d86cd75a95dd2a1e020000787200116a6176612e7574696c2e48617368536574ba44859596b8b7340300007870770c000000043f400000000000027400045265616474000557726974657874000662656172657274002430373465656533662d326634372d346337302d386437322d633161663132333332346430', '946554a8bb3ee810d17aa2b3e5747c04', 'user', 'user', '\xaced0005737200416f72672e737072696e676672616d65776f726b2e73656375726974792e6f61757468322e70726f76696465722e4f417574683241757468656e7469636174696f6ebd400b02166252130200024c000d73746f7265645265717565737474003c4c6f72672f737072696e676672616d65776f726b2f73656375726974792f6f61757468322f70726f76696465722f4f4175746832526571756573743b4c00127573657241757468656e7469636174696f6e7400324c6f72672f737072696e676672616d65776f726b2f73656375726974792f636f72652f41757468656e7469636174696f6e3b787200476f72672e737072696e676672616d65776f726b2e73656375726974792e61757468656e7469636174696f6e2e416273747261637441757468656e7469636174696f6e546f6b656ed3aa287e6e47640e0200035a000d61757468656e746963617465644c000b617574686f7269746965737400164c6a6176612f7574696c2f436f6c6c656374696f6e3b4c000764657461696c737400124c6a6176612f6c616e672f4f626a6563743b787000737200266a6176612e7574696c2e436f6c6c656374696f6e7324556e6d6f6469666961626c654c697374fc0f2531b5ec8e100200014c00046c6973747400104c6a6176612f7574696c2f4c6973743b7872002c6a6176612e7574696c2e436f6c6c656374696f6e7324556e6d6f6469666961626c65436f6c6c656374696f6e19420080cb5ef71e0200014c00016371007e00047870737200136a6176612e7574696c2e41727261794c6973747881d21d99c7619d03000149000473697a65787000000009770400000009737200426f72672e737072696e676672616d65776f726b2e73656375726974792e636f72652e617574686f726974792e53696d706c654772616e746564417574686f7269747900000000000002260200014c0004726f6c657400124c6a6176612f6c616e672f537472696e673b787074000c64656c6574655f7475726e6f7371007e000d74000e6765745f616c6c5f6d656469636f7371007e000d7400106765745f616c6c5f70616369656e74657371007e000d74000d6765745f616c6c5f7475726e6f7371007e000d74000a6765745f6d656469636f7371007e000d74000c6765745f70616369656e74657371007e000d7400096765745f7475726e6f7371007e000d74000a706f73745f7475726e6f7371007e000d7400097075745f7475726e6f7871007e000c707372003a6f72672e737072696e676672616d65776f726b2e73656375726974792e6f61757468322e70726f76696465722e4f41757468325265717565737400000000000000010200075a0008617070726f7665644c000b617574686f72697469657371007e00044c000a657874656e73696f6e7374000f4c6a6176612f7574696c2f4d61703b4c000b726564697265637455726971007e000e4c00077265667265736874003b4c6f72672f737072696e676672616d65776f726b2f73656375726974792f6f61757468322f70726f76696465722f546f6b656e526571756573743b4c000b7265736f7572636549647374000f4c6a6176612f7574696c2f5365743b4c000d726573706f6e7365547970657371007e0024787200386f72672e737072696e676672616d65776f726b2e73656375726974792e6f61757468322e70726f76696465722e426173655265717565737436287a3ea37169bd0200034c0008636c69656e74496471007e000e4c001172657175657374506172616d657465727371007e00224c000573636f706571007e0024787074000475736572737200256a6176612e7574696c2e436f6c6c656374696f6e7324556e6d6f6469666961626c654d6170f1a5a8fe74f507420200014c00016d71007e00227870737200116a6176612e7574696c2e486173684d61700507dac1c31660d103000246000a6c6f6164466163746f724900097468726573686f6c6478703f400000000000037708000000040000000274000a6772616e745f7479706574000870617373776f7264740008757365726e616d657400047573657278737200256a6176612e7574696c2e436f6c6c656374696f6e7324556e6d6f6469666961626c65536574801d92d18f9b80550200007871007e0009737200176a6176612e7574696c2e4c696e6b656448617368536574d86cd75a95dd2a1e020000787200116a6176612e7574696c2e48617368536574ba44859596b8b7340300007870770c000000103f4000000000000274000452656164740005577269746578017371007e0033770c000000103f400000000000097371007e000d7400097075745f7475726e6f7371007e000d74000c64656c6574655f7475726e6f7371007e000d74000a6765745f6d656469636f7371007e000d7400096765745f7475726e6f7371007e000d74000d6765745f616c6c5f7475726e6f7371007e000d74000e6765745f616c6c5f6d656469636f7371007e000d7400106765745f616c6c5f70616369656e74657371007e000d74000c6765745f70616369656e74657371007e000d74000a706f73745f7475726e6f787371007e002a3f40000000000000770800000010000000007870707371007e0033770c000000103f4000000000000174000b4150495f434c494e494341787371007e0033770c000000103f40000000000000787372004f6f72672e737072696e676672616d65776f726b2e73656375726974792e61757468656e7469636174696f6e2e557365726e616d6550617373776f726441757468656e7469636174696f6e546f6b656e00000000000002260200024c000b63726564656e7469616c7371007e00054c00097072696e636970616c71007e00057871007e0003017371007e00077371007e000b0000000977040000000971007e000f71007e001171007e001371007e001571007e001771007e001971007e001b71007e001d71007e001f7871007e0051737200176a6176612e7574696c2e4c696e6b6564486173684d617034c04e5c106cc0fb0200015a000b6163636573734f726465727871007e002a3f400000000000067708000000080000000271007e002c71007e002d71007e002e71007e002f780070737200326f72672e737072696e676672616d65776f726b2e73656375726974792e636f72652e7573657264657461696c732e5573657200000000000002260200075a00116163636f756e744e6f6e457870697265645a00106163636f756e744e6f6e4c6f636b65645a001563726564656e7469616c734e6f6e457870697265645a0007656e61626c65644c000b617574686f72697469657371007e00244c000870617373776f726471007e000e4c0008757365726e616d6571007e000e7870010101017371007e0030737200116a6176612e7574696c2e54726565536574dd98509395ed875b0300007870737200466f72672e737072696e676672616d65776f726b2e73656375726974792e636f72652e7573657264657461696c732e5573657224417574686f72697479436f6d70617261746f720000000000000226020000787077040000000971007e000f71007e001171007e001371007e001571007e001771007e001971007e001b71007e001d71007e001f787074000475736572', '7de09102165223d499aff54751341be7', 'T');
INSERT INTO public.oauth_access_token (token_id, token, authentication_id, user_name, client_id, authentication, refresh_token, trial734) VALUES ('67367c6b41bdc7d1acc58f864723c37a', '\xaced0005737200436f72672e737072696e676672616d65776f726b2e73656375726974792e6f61757468322e636f6d6d6f6e2e44656661756c744f4175746832416363657373546f6b656e0cb29e361b24face0200064c00156164646974696f6e616c496e666f726d6174696f6e74000f4c6a6176612f7574696c2f4d61703b4c000a65787069726174696f6e7400104c6a6176612f7574696c2f446174653b4c000c72656672657368546f6b656e74003f4c6f72672f737072696e676672616d65776f726b2f73656375726974792f6f61757468322f636f6d6d6f6e2f4f417574683252656672657368546f6b656e3b4c000573636f706574000f4c6a6176612f7574696c2f5365743b4c0009746f6b656e547970657400124c6a6176612f6c616e672f537472696e673b4c000576616c756571007e000578707372001e6a6176612e7574696c2e436f6c6c656374696f6e7324456d7074794d6170593614855adce7d002000078707372000e6a6176612e7574696c2e44617465686a81014b597419030000787077080000017d682789ea787372004c6f72672e737072696e676672616d65776f726b2e73656375726974792e6f61757468322e636f6d6d6f6e2e44656661756c744578706972696e674f417574683252656672657368546f6b656e2fdf47639dd0c9b70200014c000a65787069726174696f6e71007e0002787200446f72672e737072696e676672616d65776f726b2e73656375726974792e6f61757468322e636f6d6d6f6e2e44656661756c744f417574683252656672657368546f6b656e73e10e0a6354d45e0200014c000576616c756571007e0005787074002461316336373833332d616432642d346666622d393239382d6365376230376530343661377371007e000977080000017e03f0d1be78737200256a6176612e7574696c2e436f6c6c656374696f6e7324556e6d6f6469666961626c65536574801d92d18f9b80550200007872002c6a6176612e7574696c2e436f6c6c656374696f6e7324556e6d6f6469666961626c65436f6c6c656374696f6e19420080cb5ef71e0200014c0001637400164c6a6176612f7574696c2f436f6c6c656374696f6e3b7870737200176a6176612e7574696c2e4c696e6b656448617368536574d86cd75a95dd2a1e020000787200116a6176612e7574696c2e48617368536574ba44859596b8b7340300007870770c000000043f400000000000027400045265616474000557726974657874000662656172657274001b4b784567435467544a6175416768562d3064734676513673623377', 'e7731a1875413f6f5cfa1e3afa9a14cc', 'admin', 'admin', '\xaced0005737200416f72672e737072696e676672616d65776f726b2e73656375726974792e6f61757468322e70726f76696465722e4f417574683241757468656e7469636174696f6ebd400b02166252130200024c000d73746f7265645265717565737474003c4c6f72672f737072696e676672616d65776f726b2f73656375726974792f6f61757468322f70726f76696465722f4f4175746832526571756573743b4c00127573657241757468656e7469636174696f6e7400324c6f72672f737072696e676672616d65776f726b2f73656375726974792f636f72652f41757468656e7469636174696f6e3b787200476f72672e737072696e676672616d65776f726b2e73656375726974792e61757468656e7469636174696f6e2e416273747261637441757468656e7469636174696f6e546f6b656ed3aa287e6e47640e0200035a000d61757468656e746963617465644c000b617574686f7269746965737400164c6a6176612f7574696c2f436f6c6c656374696f6e3b4c000764657461696c737400124c6a6176612f6c616e672f4f626a6563743b787000737200266a6176612e7574696c2e436f6c6c656374696f6e7324556e6d6f6469666961626c654c697374fc0f2531b5ec8e100200014c00046c6973747400104c6a6176612f7574696c2f4c6973743b7872002c6a6176612e7574696c2e436f6c6c656374696f6e7324556e6d6f6469666961626c65436f6c6c656374696f6e19420080cb5ef71e0200014c00016371007e00047870737200136a6176612e7574696c2e41727261794c6973747881d21d99c7619d03000149000473697a65787000000013770400000013737200426f72672e737072696e676672616d65776f726b2e73656375726974792e636f72652e617574686f726974792e53696d706c654772616e746564417574686f7269747900000000000002260200014c0004726f6c657400124c6a6176612f6c616e672f537472696e673b787074000664656c6574657371007e000d74000d64656c6574655f6d656469636f7371007e000d74000f64656c6574655f70616369656e74657371007e000d74000c64656c6574655f7475726e6f7371007e000d7400036765747371007e000d74000e6765745f616c6c5f6d656469636f7371007e000d7400106765745f616c6c5f70616369656e74657371007e000d74000d6765745f616c6c5f7475726e6f7371007e000d74000a6765745f6d656469636f7371007e000d74000c6765745f70616369656e74657371007e000d7400096765745f7475726e6f7371007e000d740004706f73747371007e000d74000b706f73745f6d656469636f7371007e000d74000d706f73745f70616369656e74657371007e000d74000a706f73745f7475726e6f7371007e000d7400037075747371007e000d74000a7075745f6d656469636f7371007e000d74000c7075745f70616369656e74657371007e000d7400097075745f7475726e6f7871007e000c707372003a6f72672e737072696e676672616d65776f726b2e73656375726974792e6f61757468322e70726f76696465722e4f41757468325265717565737400000000000000010200075a0008617070726f7665644c000b617574686f72697469657371007e00044c000a657874656e73696f6e7374000f4c6a6176612f7574696c2f4d61703b4c000b726564697265637455726971007e000e4c00077265667265736874003b4c6f72672f737072696e676672616d65776f726b2f73656375726974792f6f61757468322f70726f76696465722f546f6b656e526571756573743b4c000b7265736f7572636549647374000f4c6a6176612f7574696c2f5365743b4c000d726573706f6e7365547970657371007e0038787200386f72672e737072696e676672616d65776f726b2e73656375726974792e6f61757468322e70726f76696465722e426173655265717565737436287a3ea37169bd0200034c0008636c69656e74496471007e000e4c001172657175657374506172616d657465727371007e00364c000573636f706571007e0038787074000561646d696e737200256a6176612e7574696c2e436f6c6c656374696f6e7324556e6d6f6469666961626c654d6170f1a5a8fe74f507420200014c00016d71007e00367870737200116a6176612e7574696c2e486173684d61700507dac1c31660d103000246000a6c6f6164466163746f724900097468726573686f6c6478703f400000000000037708000000040000000274000a6772616e745f7479706574000870617373776f7264740008757365726e616d6574000561646d696e78737200256a6176612e7574696c2e436f6c6c656374696f6e7324556e6d6f6469666961626c65536574801d92d18f9b80550200007871007e0009737200176a6176612e7574696c2e4c696e6b656448617368536574d86cd75a95dd2a1e020000787200116a6176612e7574696c2e48617368536574ba44859596b8b7340300007870770c000000103f4000000000000274000452656164740005577269746578017371007e0047770c000000203f400000000000137371007e000d7400097075745f7475726e6f7371007e000d7400096765745f7475726e6f7371007e000d74000a7075745f6d656469636f7371007e000d7400106765745f616c6c5f70616369656e74657371007e000d74000664656c6574657371007e000d7400037075747371007e000d74000a706f73745f7475726e6f7371007e000d74000c7075745f70616369656e74657371007e000d74000c64656c6574655f7475726e6f7371007e000d74000a6765745f6d656469636f7371007e000d74000b706f73745f6d656469636f7371007e000d740004706f73747371007e000d7400036765747371007e000d74000d6765745f616c6c5f7475726e6f7371007e000d74000d706f73745f70616369656e74657371007e000d74000e6765745f616c6c5f6d656469636f7371007e000d74000d64656c6574655f6d656469636f7371007e000d74000f64656c6574655f70616369656e74657371007e000d74000c6765745f70616369656e7465787371007e003e3f40000000000000770800000010000000007870707371007e0047770c000000103f4000000000000174000b4150495f434c494e494341787371007e0047770c000000103f40000000000000787372004f6f72672e737072696e676672616d65776f726b2e73656375726974792e61757468656e7469636174696f6e2e557365726e616d6550617373776f726441757468656e7469636174696f6e546f6b656e00000000000002260200024c000b63726564656e7469616c7371007e00054c00097072696e636970616c71007e00057871007e0003017371007e00077371007e000b0000001377040000001371007e000f71007e001171007e001371007e001571007e001771007e001971007e001b71007e001d71007e001f71007e002171007e002371007e002571007e002771007e002971007e002b71007e002d71007e002f71007e003171007e00337871007e0079737200176a6176612e7574696c2e4c696e6b6564486173684d617034c04e5c106cc0fb0200015a000b6163636573734f726465727871007e003e3f400000000000067708000000080000000271007e004071007e004171007e004271007e0043780070737200326f72672e737072696e676672616d65776f726b2e73656375726974792e636f72652e7573657264657461696c732e5573657200000000000002260200075a00116163636f756e744e6f6e457870697265645a00106163636f756e744e6f6e4c6f636b65645a001563726564656e7469616c734e6f6e457870697265645a0007656e61626c65644c000b617574686f72697469657371007e00384c000870617373776f726471007e000e4c0008757365726e616d6571007e000e7870010101017371007e0044737200116a6176612e7574696c2e54726565536574dd98509395ed875b0300007870737200466f72672e737072696e676672616d65776f726b2e73656375726974792e636f72652e7573657264657461696c732e5573657224417574686f72697479436f6d70617261746f720000000000000226020000787077040000001371007e000f71007e001171007e001371007e001571007e001771007e001971007e001b71007e001d71007e001f71007e002171007e002371007e002571007e002771007e002971007e002b71007e002d71007e002f71007e003171007e0033787074000561646d696e', '2df19a7ff3cb49a7ed64ab91990d20ee', 'T');


--
-- TOC entry 3438 (class 0 OID 16432)
-- Dependencies: 216
-- Data for Name: oauth_refresh_token; Type: TABLE DATA; Schema: public; Owner: snmnriznbzwqdz
--

INSERT INTO public.oauth_refresh_token (token_id, token, authentication, trial734) VALUES ('7de09102165223d499aff54751341be7', '\xaced00057372004c6f72672e737072696e676672616d65776f726b2e73656375726974792e6f61757468322e636f6d6d6f6e2e44656661756c744578706972696e674f417574683252656672657368546f6b656e2fdf47639dd0c9b70200014c000a65787069726174696f6e7400104c6a6176612f7574696c2f446174653b787200446f72672e737072696e676672616d65776f726b2e73656375726974792e6f61757468322e636f6d6d6f6e2e44656661756c744f417574683252656672657368546f6b656e73e10e0a6354d45e0200014c000576616c75657400124c6a6176612f6c616e672f537472696e673b787074002430636365343365622d363562302d343730622d393262312d3238396163383364356134377372000e6a6176612e7574696c2e44617465686a81014b597419030000787077080000017e03f6924c78', '\xaced0005737200416f72672e737072696e676672616d65776f726b2e73656375726974792e6f61757468322e70726f76696465722e4f417574683241757468656e7469636174696f6ebd400b02166252130200024c000d73746f7265645265717565737474003c4c6f72672f737072696e676672616d65776f726b2f73656375726974792f6f61757468322f70726f76696465722f4f4175746832526571756573743b4c00127573657241757468656e7469636174696f6e7400324c6f72672f737072696e676672616d65776f726b2f73656375726974792f636f72652f41757468656e7469636174696f6e3b787200476f72672e737072696e676672616d65776f726b2e73656375726974792e61757468656e7469636174696f6e2e416273747261637441757468656e7469636174696f6e546f6b656ed3aa287e6e47640e0200035a000d61757468656e746963617465644c000b617574686f7269746965737400164c6a6176612f7574696c2f436f6c6c656374696f6e3b4c000764657461696c737400124c6a6176612f6c616e672f4f626a6563743b787000737200266a6176612e7574696c2e436f6c6c656374696f6e7324556e6d6f6469666961626c654c697374fc0f2531b5ec8e100200014c00046c6973747400104c6a6176612f7574696c2f4c6973743b7872002c6a6176612e7574696c2e436f6c6c656374696f6e7324556e6d6f6469666961626c65436f6c6c656374696f6e19420080cb5ef71e0200014c00016371007e00047870737200136a6176612e7574696c2e41727261794c6973747881d21d99c7619d03000149000473697a65787000000007770400000007737200426f72672e737072696e676672616d65776f726b2e73656375726974792e636f72652e617574686f726974792e53696d706c654772616e746564417574686f7269747900000000000002260200014c0004726f6c657400124c6a6176612f6c616e672f537472696e673b78707400036765747371007e000d74000f6765745f616c6c5f6d656469636f737371007e000d7400116765745f616c6c5f70616369656e7465737371007e000d74000e6765745f616c6c5f7475726e6f737371007e000d74000a6765745f6d656469636f7371007e000d74000c6765745f70616369656e74657371007e000d7400096765745f7475726e6f7871007e000c707372003a6f72672e737072696e676672616d65776f726b2e73656375726974792e6f61757468322e70726f76696465722e4f41757468325265717565737400000000000000010200075a0008617070726f7665644c000b617574686f72697469657371007e00044c000a657874656e73696f6e7374000f4c6a6176612f7574696c2f4d61703b4c000b726564697265637455726971007e000e4c00077265667265736874003b4c6f72672f737072696e676672616d65776f726b2f73656375726974792f6f61757468322f70726f76696465722f546f6b656e526571756573743b4c000b7265736f7572636549647374000f4c6a6176612f7574696c2f5365743b4c000d726573706f6e7365547970657371007e0020787200386f72672e737072696e676672616d65776f726b2e73656375726974792e6f61757468322e70726f76696465722e426173655265717565737436287a3ea37169bd0200034c0008636c69656e74496471007e000e4c001172657175657374506172616d657465727371007e001e4c000573636f706571007e0020787074000475736572737200256a6176612e7574696c2e436f6c6c656374696f6e7324556e6d6f6469666961626c654d6170f1a5a8fe74f507420200014c00016d71007e001e7870737200116a6176612e7574696c2e486173684d61700507dac1c31660d103000246000a6c6f6164466163746f724900097468726573686f6c6478703f400000000000037708000000040000000274000a6772616e745f7479706574000870617373776f7264740008757365726e616d657400047573657278737200256a6176612e7574696c2e436f6c6c656374696f6e7324556e6d6f6469666961626c65536574801d92d18f9b80550200007871007e0009737200176a6176612e7574696c2e4c696e6b656448617368536574d86cd75a95dd2a1e020000787200116a6176612e7574696c2e48617368536574ba44859596b8b7340300007870770c000000103f4000000000000274000452656164740005577269746578017371007e002f770c000000103f400000000000077371007e000d74000a6765745f6d656469636f7371007e000d7400096765745f7475726e6f7371007e000d7400116765745f616c6c5f70616369656e7465737371007e000d7400036765747371007e000d74000f6765745f616c6c5f6d656469636f737371007e000d74000e6765745f616c6c5f7475726e6f737371007e000d74000c6765745f70616369656e7465787371007e00263f40000000000000770800000010000000007870707371007e002f770c000000103f4000000000000174000b4150495f434c494e494341787371007e002f770c000000103f40000000000000787372004f6f72672e737072696e676672616d65776f726b2e73656375726974792e61757468656e7469636174696f6e2e557365726e616d6550617373776f726441757468656e7469636174696f6e546f6b656e00000000000002260200024c000b63726564656e7469616c7371007e00054c00097072696e636970616c71007e00057871007e0003017371007e00077371007e000b0000000777040000000771007e000f71007e001171007e001371007e001571007e001771007e001971007e001b7871007e0049737200176a6176612e7574696c2e4c696e6b6564486173684d617034c04e5c106cc0fb0200015a000b6163636573734f726465727871007e00263f400000000000067708000000080000000271007e002871007e002971007e002a71007e002b780070737200326f72672e737072696e676672616d65776f726b2e73656375726974792e636f72652e7573657264657461696c732e5573657200000000000002260200075a00116163636f756e744e6f6e457870697265645a00106163636f756e744e6f6e4c6f636b65645a001563726564656e7469616c734e6f6e457870697265645a0007656e61626c65644c000b617574686f72697469657371007e00204c000870617373776f726471007e000e4c0008757365726e616d6571007e000e7870010101017371007e002c737200116a6176612e7574696c2e54726565536574dd98509395ed875b0300007870737200466f72672e737072696e676672616d65776f726b2e73656375726974792e636f72652e7573657264657461696c732e5573657224417574686f72697479436f6d70617261746f720000000000000226020000787077040000000771007e000f71007e001171007e001371007e001571007e001771007e001971007e001b787074000475736572', 'T');
INSERT INTO public.oauth_refresh_token (token_id, token, authentication, trial734) VALUES ('2df19a7ff3cb49a7ed64ab91990d20ee', '\xaced00057372004c6f72672e737072696e676672616d65776f726b2e73656375726974792e6f61757468322e636f6d6d6f6e2e44656661756c744578706972696e674f417574683252656672657368546f6b656e2fdf47639dd0c9b70200014c000a65787069726174696f6e7400104c6a6176612f7574696c2f446174653b787200446f72672e737072696e676672616d65776f726b2e73656375726974792e6f61757468322e636f6d6d6f6e2e44656661756c744f417574683252656672657368546f6b656e73e10e0a6354d45e0200014c000576616c75657400124c6a6176612f6c616e672f537472696e673b787074002461316336373833332d616432642d346666622d393239382d6365376230376530343661377372000e6a6176612e7574696c2e44617465686a81014b597419030000787077080000017e03f0d1be78', '\xaced0005737200416f72672e737072696e676672616d65776f726b2e73656375726974792e6f61757468322e70726f76696465722e4f417574683241757468656e7469636174696f6ebd400b02166252130200024c000d73746f7265645265717565737474003c4c6f72672f737072696e676672616d65776f726b2f73656375726974792f6f61757468322f70726f76696465722f4f4175746832526571756573743b4c00127573657241757468656e7469636174696f6e7400324c6f72672f737072696e676672616d65776f726b2f73656375726974792f636f72652f41757468656e7469636174696f6e3b787200476f72672e737072696e676672616d65776f726b2e73656375726974792e61757468656e7469636174696f6e2e416273747261637441757468656e7469636174696f6e546f6b656ed3aa287e6e47640e0200035a000d61757468656e746963617465644c000b617574686f7269746965737400164c6a6176612f7574696c2f436f6c6c656374696f6e3b4c000764657461696c737400124c6a6176612f6c616e672f4f626a6563743b787000737200266a6176612e7574696c2e436f6c6c656374696f6e7324556e6d6f6469666961626c654c697374fc0f2531b5ec8e100200014c00046c6973747400104c6a6176612f7574696c2f4c6973743b7872002c6a6176612e7574696c2e436f6c6c656374696f6e7324556e6d6f6469666961626c65436f6c6c656374696f6e19420080cb5ef71e0200014c00016371007e00047870737200136a6176612e7574696c2e41727261794c6973747881d21d99c7619d03000149000473697a65787000000013770400000013737200426f72672e737072696e676672616d65776f726b2e73656375726974792e636f72652e617574686f726974792e53696d706c654772616e746564417574686f7269747900000000000002260200014c0004726f6c657400124c6a6176612f6c616e672f537472696e673b787074000664656c6574657371007e000d74000d64656c6574655f6d656469636f7371007e000d74000f64656c6574655f70616369656e74657371007e000d74000c64656c6574655f7475726e6f7371007e000d7400036765747371007e000d74000e6765745f616c6c5f6d656469636f7371007e000d7400106765745f616c6c5f70616369656e74657371007e000d74000d6765745f616c6c5f7475726e6f7371007e000d74000a6765745f6d656469636f7371007e000d74000c6765745f70616369656e74657371007e000d7400096765745f7475726e6f7371007e000d740004706f73747371007e000d74000b706f73745f6d656469636f7371007e000d74000d706f73745f70616369656e74657371007e000d74000a706f73745f7475726e6f7371007e000d7400037075747371007e000d74000a7075745f6d656469636f7371007e000d74000c7075745f70616369656e74657371007e000d7400097075745f7475726e6f7871007e000c707372003a6f72672e737072696e676672616d65776f726b2e73656375726974792e6f61757468322e70726f76696465722e4f41757468325265717565737400000000000000010200075a0008617070726f7665644c000b617574686f72697469657371007e00044c000a657874656e73696f6e7374000f4c6a6176612f7574696c2f4d61703b4c000b726564697265637455726971007e000e4c00077265667265736874003b4c6f72672f737072696e676672616d65776f726b2f73656375726974792f6f61757468322f70726f76696465722f546f6b656e526571756573743b4c000b7265736f7572636549647374000f4c6a6176612f7574696c2f5365743b4c000d726573706f6e7365547970657371007e0038787200386f72672e737072696e676672616d65776f726b2e73656375726974792e6f61757468322e70726f76696465722e426173655265717565737436287a3ea37169bd0200034c0008636c69656e74496471007e000e4c001172657175657374506172616d657465727371007e00364c000573636f706571007e0038787074000561646d696e737200256a6176612e7574696c2e436f6c6c656374696f6e7324556e6d6f6469666961626c654d6170f1a5a8fe74f507420200014c00016d71007e00367870737200116a6176612e7574696c2e486173684d61700507dac1c31660d103000246000a6c6f6164466163746f724900097468726573686f6c6478703f400000000000037708000000040000000274000a6772616e745f7479706574000870617373776f7264740008757365726e616d6574000561646d696e78737200256a6176612e7574696c2e436f6c6c656374696f6e7324556e6d6f6469666961626c65536574801d92d18f9b80550200007871007e0009737200176a6176612e7574696c2e4c696e6b656448617368536574d86cd75a95dd2a1e020000787200116a6176612e7574696c2e48617368536574ba44859596b8b7340300007870770c000000103f4000000000000274000452656164740005577269746578017371007e0047770c000000203f400000000000137371007e000d7400097075745f7475726e6f7371007e000d7400096765745f7475726e6f7371007e000d74000a7075745f6d656469636f7371007e000d7400106765745f616c6c5f70616369656e74657371007e000d74000664656c6574657371007e000d7400037075747371007e000d74000a706f73745f7475726e6f7371007e000d74000c7075745f70616369656e74657371007e000d74000c64656c6574655f7475726e6f7371007e000d74000a6765745f6d656469636f7371007e000d74000b706f73745f6d656469636f7371007e000d740004706f73747371007e000d7400036765747371007e000d74000d6765745f616c6c5f7475726e6f7371007e000d74000d706f73745f70616369656e74657371007e000d74000e6765745f616c6c5f6d656469636f7371007e000d74000d64656c6574655f6d656469636f7371007e000d74000f64656c6574655f70616369656e74657371007e000d74000c6765745f70616369656e7465787371007e003e3f40000000000000770800000010000000007870707371007e0047770c000000103f4000000000000174000b4150495f434c494e494341787371007e0047770c000000103f40000000000000787372004f6f72672e737072696e676672616d65776f726b2e73656375726974792e61757468656e7469636174696f6e2e557365726e616d6550617373776f726441757468656e7469636174696f6e546f6b656e00000000000002260200024c000b63726564656e7469616c7371007e00054c00097072696e636970616c71007e00057871007e0003017371007e00077371007e000b0000001377040000001371007e000f71007e001171007e001371007e001571007e001771007e001971007e001b71007e001d71007e001f71007e002171007e002371007e002571007e002771007e002971007e002b71007e002d71007e002f71007e003171007e00337871007e0079737200176a6176612e7574696c2e4c696e6b6564486173684d617034c04e5c106cc0fb0200015a000b6163636573734f726465727871007e003e3f400000000000067708000000080000000271007e004071007e004171007e004271007e0043780070737200326f72672e737072696e676672616d65776f726b2e73656375726974792e636f72652e7573657264657461696c732e5573657200000000000002260200075a00116163636f756e744e6f6e457870697265645a00106163636f756e744e6f6e4c6f636b65645a001563726564656e7469616c734e6f6e457870697265645a0007656e61626c65644c000b617574686f72697469657371007e00384c000870617373776f726471007e000e4c0008757365726e616d6571007e000e7870010101017371007e0044737200116a6176612e7574696c2e54726565536574dd98509395ed875b0300007870737200466f72672e737072696e676672616d65776f726b2e73656375726974792e636f72652e7573657264657461696c732e5573657224417574686f72697479436f6d70617261746f720000000000000226020000787077040000001371007e000f71007e001171007e001371007e001571007e001771007e001971007e001b71007e001d71007e001f71007e002171007e002371007e002571007e002771007e002971007e002b71007e002d71007e002f71007e003171007e0033787074000561646d696e', 'T');


--
-- TOC entry 3440 (class 0 OID 16438)
-- Dependencies: 218
-- Data for Name: paciente; Type: TABLE DATA; Schema: public; Owner: snmnriznbzwqdz
--

INSERT INTO public.paciente (idpaciente, dni, nombre, apellido, telefono, trial734) VALUES (1, '38595045', 'Ramiro', 'Herman', '2645473947', 'T');
INSERT INTO public.paciente (idpaciente, dni, nombre, apellido, telefono, trial734) VALUES (2, '40568974', 'Augusto', 'Giacone', '264889977', 'T');
INSERT INTO public.paciente (idpaciente, dni, nombre, apellido, telefono, trial734) VALUES (3, '41255878', 'Maxi', 'Carubin', '264895621', 'T');


--
-- TOC entry 3442 (class 0 OID 16445)
-- Dependencies: 220
-- Data for Name: resources; Type: TABLE DATA; Schema: public; Owner: snmnriznbzwqdz
--

INSERT INTO public.resources (id, name, deleted, created, modified, trial734) VALUES (1, 'API_CLINICA', 0, '2021-11-16 17:11:15', '2021-11-16 17:11:15', 'T');


--
-- TOC entry 3444 (class 0 OID 16455)
-- Dependencies: 222
-- Data for Name: scopes; Type: TABLE DATA; Schema: public; Owner: snmnriznbzwqdz
--

INSERT INTO public.scopes (id, name, deleted, created, modified, trial734) VALUES (1, 'Read', 0, '2021-11-16 17:10:30', '2021-11-16 17:10:30', 'T');
INSERT INTO public.scopes (id, name, deleted, created, modified, trial734) VALUES (2, 'Write', 0, '2021-11-16 17:10:30', '2021-11-16 17:10:30', 'T');


--
-- TOC entry 3446 (class 0 OID 16465)
-- Dependencies: 224
-- Data for Name: turno; Type: TABLE DATA; Schema: public; Owner: snmnriznbzwqdz
--

INSERT INTO public.turno (idturno, fecha, hora, atendido, idpaciente, idmedico, trial734) VALUES (1, '2021-11-17', '12:00:00', 0, 1, 1, 'T');


--
-- TOC entry 3448 (class 0 OID 16475)
-- Dependencies: 226
-- Data for Name: usuarios; Type: TABLE DATA; Schema: public; Owner: snmnriznbzwqdz
--

INSERT INTO public.usuarios (usuarioid, usuariocodigo, usuarioclave, usuariodesc, usuariohabi, usuariodelete, accesstokenvalidityseconds, refreshtokenvalidityseconds, trial738) VALUES (1, '0001', '$2a$10$yC.xsA/G2.RUXfdf2aT6wemYl42iuzl0T/AUANUC7VCozOVwqAMou', 'admin', 1, 0, 3600, 2629800, 'T');
INSERT INTO public.usuarios (usuarioid, usuariocodigo, usuarioclave, usuariodesc, usuariohabi, usuariodelete, accesstokenvalidityseconds, refreshtokenvalidityseconds, trial738) VALUES (2, '0002', '$2a$10$Z1SEqsJi4JRYAtD.Clbw.e8r7dleYuFJ3j5Mu3/KI8cSRtgMmbx.u', 'user', 1, 0, 3600, 2629800, 'T');


--
-- TOC entry 3449 (class 0 OID 16487)
-- Dependencies: 227
-- Data for Name: usuarios_authorities; Type: TABLE DATA; Schema: public; Owner: snmnriznbzwqdz
--

INSERT INTO public.usuarios_authorities (usuarioid, id_authority, trial738) VALUES (1, 1, 'T');
INSERT INTO public.usuarios_authorities (usuarioid, id_authority, trial738) VALUES (1, 2, 'T');
INSERT INTO public.usuarios_authorities (usuarioid, id_authority, trial738) VALUES (1, 3, 'T');
INSERT INTO public.usuarios_authorities (usuarioid, id_authority, trial738) VALUES (1, 4, 'T');
INSERT INTO public.usuarios_authorities (usuarioid, id_authority, trial738) VALUES (1, 5, 'T');
INSERT INTO public.usuarios_authorities (usuarioid, id_authority, trial738) VALUES (1, 6, 'T');
INSERT INTO public.usuarios_authorities (usuarioid, id_authority, trial738) VALUES (1, 7, 'T');
INSERT INTO public.usuarios_authorities (usuarioid, id_authority, trial738) VALUES (1, 8, 'T');
INSERT INTO public.usuarios_authorities (usuarioid, id_authority, trial738) VALUES (1, 9, 'T');
INSERT INTO public.usuarios_authorities (usuarioid, id_authority, trial738) VALUES (1, 10, 'T');
INSERT INTO public.usuarios_authorities (usuarioid, id_authority, trial738) VALUES (1, 11, 'T');
INSERT INTO public.usuarios_authorities (usuarioid, id_authority, trial738) VALUES (1, 12, 'T');
INSERT INTO public.usuarios_authorities (usuarioid, id_authority, trial738) VALUES (1, 13, 'T');
INSERT INTO public.usuarios_authorities (usuarioid, id_authority, trial738) VALUES (1, 14, 'T');
INSERT INTO public.usuarios_authorities (usuarioid, id_authority, trial738) VALUES (1, 15, 'T');
INSERT INTO public.usuarios_authorities (usuarioid, id_authority, trial738) VALUES (1, 16, 'T');
INSERT INTO public.usuarios_authorities (usuarioid, id_authority, trial738) VALUES (1, 17, 'T');
INSERT INTO public.usuarios_authorities (usuarioid, id_authority, trial738) VALUES (1, 18, 'T');
INSERT INTO public.usuarios_authorities (usuarioid, id_authority, trial738) VALUES (1, 19, 'T');
INSERT INTO public.usuarios_authorities (usuarioid, id_authority, trial738) VALUES (2, 5, 'T');
INSERT INTO public.usuarios_authorities (usuarioid, id_authority, trial738) VALUES (2, 6, 'T');
INSERT INTO public.usuarios_authorities (usuarioid, id_authority, trial738) VALUES (2, 10, 'T');
INSERT INTO public.usuarios_authorities (usuarioid, id_authority, trial738) VALUES (2, 11, 'T');
INSERT INTO public.usuarios_authorities (usuarioid, id_authority, trial738) VALUES (2, 15, 'T');
INSERT INTO public.usuarios_authorities (usuarioid, id_authority, trial738) VALUES (2, 16, 'T');
INSERT INTO public.usuarios_authorities (usuarioid, id_authority, trial738) VALUES (2, 17, 'T');
INSERT INTO public.usuarios_authorities (usuarioid, id_authority, trial738) VALUES (2, 18, 'T');
INSERT INTO public.usuarios_authorities (usuarioid, id_authority, trial738) VALUES (2, 19, 'T');


--
-- TOC entry 3450 (class 0 OID 16493)
-- Dependencies: 228
-- Data for Name: usuarios_authorized_grant_types; Type: TABLE DATA; Schema: public; Owner: snmnriznbzwqdz
--

INSERT INTO public.usuarios_authorized_grant_types (usuarioid, id_authorized_grant_types, trial738) VALUES (1, 1, 'T');
INSERT INTO public.usuarios_authorized_grant_types (usuarioid, id_authorized_grant_types, trial738) VALUES (1, 2, 'T');
INSERT INTO public.usuarios_authorized_grant_types (usuarioid, id_authorized_grant_types, trial738) VALUES (1, 3, 'T');
INSERT INTO public.usuarios_authorized_grant_types (usuarioid, id_authorized_grant_types, trial738) VALUES (2, 1, 'T');
INSERT INTO public.usuarios_authorized_grant_types (usuarioid, id_authorized_grant_types, trial738) VALUES (2, 2, 'T');
INSERT INTO public.usuarios_authorized_grant_types (usuarioid, id_authorized_grant_types, trial738) VALUES (2, 3, 'T');


--
-- TOC entry 3451 (class 0 OID 16499)
-- Dependencies: 229
-- Data for Name: usuarios_resources; Type: TABLE DATA; Schema: public; Owner: snmnriznbzwqdz
--

INSERT INTO public.usuarios_resources (usuarioid, id_resource, trial738) VALUES (1, 1, 'T');
INSERT INTO public.usuarios_resources (usuarioid, id_resource, trial738) VALUES (2, 1, 'T');


--
-- TOC entry 3452 (class 0 OID 16505)
-- Dependencies: 230
-- Data for Name: usuarios_scopes; Type: TABLE DATA; Schema: public; Owner: snmnriznbzwqdz
--

INSERT INTO public.usuarios_scopes (usuarioid, id_scope, trial741) VALUES (1, 1, 'T');
INSERT INTO public.usuarios_scopes (usuarioid, id_scope, trial741) VALUES (1, 2, 'T');
INSERT INTO public.usuarios_scopes (usuarioid, id_scope, trial741) VALUES (2, 1, 'T');
INSERT INTO public.usuarios_scopes (usuarioid, id_scope, trial741) VALUES (2, 2, 'T');


--
-- TOC entry 3467 (class 0 OID 0)
-- Dependencies: 209
-- Name: authorities_id_seq; Type: SEQUENCE SET; Schema: public; Owner: snmnriznbzwqdz
--

SELECT pg_catalog.setval('public.authorities_id_seq', 19, true);


--
-- TOC entry 3468 (class 0 OID 0)
-- Dependencies: 211
-- Name: authorized_grant_types_id_seq; Type: SEQUENCE SET; Schema: public; Owner: snmnriznbzwqdz
--

SELECT pg_catalog.setval('public.authorized_grant_types_id_seq', 3, true);


--
-- TOC entry 3469 (class 0 OID 0)
-- Dependencies: 213
-- Name: medico_idmedico_seq; Type: SEQUENCE SET; Schema: public; Owner: snmnriznbzwqdz
--

SELECT pg_catalog.setval('public.medico_idmedico_seq', 4, true);


--
-- TOC entry 3470 (class 0 OID 0)
-- Dependencies: 217
-- Name: paciente_idpaciente_seq; Type: SEQUENCE SET; Schema: public; Owner: snmnriznbzwqdz
--

SELECT pg_catalog.setval('public.paciente_idpaciente_seq', 3, true);


--
-- TOC entry 3471 (class 0 OID 0)
-- Dependencies: 219
-- Name: resources_id_seq; Type: SEQUENCE SET; Schema: public; Owner: snmnriznbzwqdz
--

SELECT pg_catalog.setval('public.resources_id_seq', 1, true);


--
-- TOC entry 3472 (class 0 OID 0)
-- Dependencies: 221
-- Name: scopes_id_seq; Type: SEQUENCE SET; Schema: public; Owner: snmnriznbzwqdz
--

SELECT pg_catalog.setval('public.scopes_id_seq', 2, true);


--
-- TOC entry 3473 (class 0 OID 0)
-- Dependencies: 223
-- Name: turno_idturno_seq; Type: SEQUENCE SET; Schema: public; Owner: snmnriznbzwqdz
--

SELECT pg_catalog.setval('public.turno_idturno_seq', 1, true);


--
-- TOC entry 3474 (class 0 OID 0)
-- Dependencies: 225
-- Name: usuarios_usuarioid_seq; Type: SEQUENCE SET; Schema: public; Owner: snmnriznbzwqdz
--

SELECT pg_catalog.setval('public.usuarios_usuarioid_seq', 2, true);


--
-- TOC entry 3250 (class 2606 OID 16405)
-- Name: authorities pk_authorities; Type: CONSTRAINT; Schema: public; Owner: snmnriznbzwqdz
--

ALTER TABLE ONLY public.authorities
    ADD CONSTRAINT pk_authorities PRIMARY KEY (id);


--
-- TOC entry 3252 (class 2606 OID 16415)
-- Name: authorized_grant_types pk_authorized_grant_types; Type: CONSTRAINT; Schema: public; Owner: snmnriznbzwqdz
--

ALTER TABLE ONLY public.authorized_grant_types
    ADD CONSTRAINT pk_authorized_grant_types PRIMARY KEY (id);


--
-- TOC entry 3254 (class 2606 OID 16422)
-- Name: medico pk_medico; Type: CONSTRAINT; Schema: public; Owner: snmnriznbzwqdz
--

ALTER TABLE ONLY public.medico
    ADD CONSTRAINT pk_medico PRIMARY KEY (idmedico);


--
-- TOC entry 3256 (class 2606 OID 16431)
-- Name: oauth_access_token pk_oauth_access_token; Type: CONSTRAINT; Schema: public; Owner: snmnriznbzwqdz
--

ALTER TABLE ONLY public.oauth_access_token
    ADD CONSTRAINT pk_oauth_access_token PRIMARY KEY (authentication_id);


--
-- TOC entry 3258 (class 2606 OID 16443)
-- Name: paciente pk_paciente; Type: CONSTRAINT; Schema: public; Owner: snmnriznbzwqdz
--

ALTER TABLE ONLY public.paciente
    ADD CONSTRAINT pk_paciente PRIMARY KEY (idpaciente);


--
-- TOC entry 3260 (class 2606 OID 16453)
-- Name: resources pk_resources; Type: CONSTRAINT; Schema: public; Owner: snmnriznbzwqdz
--

ALTER TABLE ONLY public.resources
    ADD CONSTRAINT pk_resources PRIMARY KEY (id);


--
-- TOC entry 3262 (class 2606 OID 16463)
-- Name: scopes pk_scopes; Type: CONSTRAINT; Schema: public; Owner: snmnriznbzwqdz
--

ALTER TABLE ONLY public.scopes
    ADD CONSTRAINT pk_scopes PRIMARY KEY (id);


--
-- TOC entry 3266 (class 2606 OID 16471)
-- Name: turno pk_turno; Type: CONSTRAINT; Schema: public; Owner: snmnriznbzwqdz
--

ALTER TABLE ONLY public.turno
    ADD CONSTRAINT pk_turno PRIMARY KEY (idturno);


--
-- TOC entry 3269 (class 2606 OID 16485)
-- Name: usuarios pk_usuarios; Type: CONSTRAINT; Schema: public; Owner: snmnriznbzwqdz
--

ALTER TABLE ONLY public.usuarios
    ADD CONSTRAINT pk_usuarios PRIMARY KEY (usuarioid);


--
-- TOC entry 3272 (class 2606 OID 16491)
-- Name: usuarios_authorities pk_usuarios_authorities; Type: CONSTRAINT; Schema: public; Owner: snmnriznbzwqdz
--

ALTER TABLE ONLY public.usuarios_authorities
    ADD CONSTRAINT pk_usuarios_authorities PRIMARY KEY (usuarioid, id_authority);


--
-- TOC entry 3275 (class 2606 OID 16497)
-- Name: usuarios_authorized_grant_types pk_usuarios_authorized_grant_types; Type: CONSTRAINT; Schema: public; Owner: snmnriznbzwqdz
--

ALTER TABLE ONLY public.usuarios_authorized_grant_types
    ADD CONSTRAINT pk_usuarios_authorized_grant_types PRIMARY KEY (usuarioid, id_authorized_grant_types);


--
-- TOC entry 3277 (class 2606 OID 16503)
-- Name: usuarios_resources pk_usuarios_resources; Type: CONSTRAINT; Schema: public; Owner: snmnriznbzwqdz
--

ALTER TABLE ONLY public.usuarios_resources
    ADD CONSTRAINT pk_usuarios_resources PRIMARY KEY (usuarioid, id_resource);


--
-- TOC entry 3280 (class 2606 OID 16509)
-- Name: usuarios_scopes pk_usuarios_scopes; Type: CONSTRAINT; Schema: public; Owner: snmnriznbzwqdz
--

ALTER TABLE ONLY public.usuarios_scopes
    ADD CONSTRAINT pk_usuarios_scopes PRIMARY KEY (usuarioid, id_scope);


--
-- TOC entry 3270 (class 1259 OID 16492)
-- Name: authority_fk; Type: INDEX; Schema: public; Owner: snmnriznbzwqdz
--

CREATE INDEX authority_fk ON public.usuarios_authorities USING btree (id_authority);


--
-- TOC entry 3273 (class 1259 OID 16498)
-- Name: authorized_grant_types_fk; Type: INDEX; Schema: public; Owner: snmnriznbzwqdz
--

CREATE INDEX authorized_grant_types_fk ON public.usuarios_authorized_grant_types USING btree (id_authorized_grant_types);


--
-- TOC entry 3263 (class 1259 OID 16472)
-- Name: fk_medico_idx; Type: INDEX; Schema: public; Owner: snmnriznbzwqdz
--

CREATE INDEX fk_medico_idx ON public.turno USING btree (idmedico);


--
-- TOC entry 3264 (class 1259 OID 16473)
-- Name: fk_paciente_idx; Type: INDEX; Schema: public; Owner: snmnriznbzwqdz
--

CREATE INDEX fk_paciente_idx ON public.turno USING btree (idpaciente);


--
-- TOC entry 3267 (class 1259 OID 16486)
-- Name: idx_acc_codigo; Type: INDEX; Schema: public; Owner: snmnriznbzwqdz
--

CREATE INDEX idx_acc_codigo ON public.usuarios USING btree (usuariocodigo);


--
-- TOC entry 3278 (class 1259 OID 16504)
-- Name: resource_fk; Type: INDEX; Schema: public; Owner: snmnriznbzwqdz
--

CREATE INDEX resource_fk ON public.usuarios_resources USING btree (id_resource);


--
-- TOC entry 3281 (class 1259 OID 16510)
-- Name: scope_fk; Type: INDEX; Schema: public; Owner: snmnriznbzwqdz
--

CREATE INDEX scope_fk ON public.usuarios_scopes USING btree (id_scope);


--
-- TOC entry 3284 (class 2606 OID 16521)
-- Name: usuarios_authorities authority_fk; Type: FK CONSTRAINT; Schema: public; Owner: snmnriznbzwqdz
--

ALTER TABLE ONLY public.usuarios_authorities
    ADD CONSTRAINT authority_fk FOREIGN KEY (id_authority) REFERENCES public.authorities(id) ON UPDATE RESTRICT ON DELETE CASCADE;


--
-- TOC entry 3286 (class 2606 OID 16531)
-- Name: usuarios_authorized_grant_types authorized_grant_types_fk; Type: FK CONSTRAINT; Schema: public; Owner: snmnriznbzwqdz
--

ALTER TABLE ONLY public.usuarios_authorized_grant_types
    ADD CONSTRAINT authorized_grant_types_fk FOREIGN KEY (id_authorized_grant_types) REFERENCES public.authorized_grant_types(id) ON UPDATE RESTRICT ON DELETE CASCADE;


--
-- TOC entry 3282 (class 2606 OID 16511)
-- Name: turno fk_medico; Type: FK CONSTRAINT; Schema: public; Owner: snmnriznbzwqdz
--

ALTER TABLE ONLY public.turno
    ADD CONSTRAINT fk_medico FOREIGN KEY (idmedico) REFERENCES public.medico(idmedico) ON UPDATE RESTRICT ON DELETE RESTRICT;


--
-- TOC entry 3283 (class 2606 OID 16516)
-- Name: turno fk_paciente; Type: FK CONSTRAINT; Schema: public; Owner: snmnriznbzwqdz
--

ALTER TABLE ONLY public.turno
    ADD CONSTRAINT fk_paciente FOREIGN KEY (idpaciente) REFERENCES public.paciente(idpaciente) ON UPDATE RESTRICT ON DELETE RESTRICT;


--
-- TOC entry 3288 (class 2606 OID 16541)
-- Name: usuarios_resources resource_fk; Type: FK CONSTRAINT; Schema: public; Owner: snmnriznbzwqdz
--

ALTER TABLE ONLY public.usuarios_resources
    ADD CONSTRAINT resource_fk FOREIGN KEY (id_resource) REFERENCES public.resources(id) ON UPDATE RESTRICT ON DELETE CASCADE;


--
-- TOC entry 3290 (class 2606 OID 16551)
-- Name: usuarios_scopes scope_fk; Type: FK CONSTRAINT; Schema: public; Owner: snmnriznbzwqdz
--

ALTER TABLE ONLY public.usuarios_scopes
    ADD CONSTRAINT scope_fk FOREIGN KEY (id_scope) REFERENCES public.scopes(id) ON UPDATE RESTRICT ON DELETE CASCADE;


--
-- TOC entry 3285 (class 2606 OID 16526)
-- Name: usuarios_authorities user_fk; Type: FK CONSTRAINT; Schema: public; Owner: snmnriznbzwqdz
--

ALTER TABLE ONLY public.usuarios_authorities
    ADD CONSTRAINT user_fk FOREIGN KEY (usuarioid) REFERENCES public.usuarios(usuarioid) ON UPDATE RESTRICT ON DELETE CASCADE;


--
-- TOC entry 3291 (class 2606 OID 16556)
-- Name: usuarios_scopes user_fk2; Type: FK CONSTRAINT; Schema: public; Owner: snmnriznbzwqdz
--

ALTER TABLE ONLY public.usuarios_scopes
    ADD CONSTRAINT user_fk2 FOREIGN KEY (usuarioid) REFERENCES public.usuarios(usuarioid) ON UPDATE RESTRICT ON DELETE CASCADE;


--
-- TOC entry 3289 (class 2606 OID 16546)
-- Name: usuarios_resources user_fk3; Type: FK CONSTRAINT; Schema: public; Owner: snmnriznbzwqdz
--

ALTER TABLE ONLY public.usuarios_resources
    ADD CONSTRAINT user_fk3 FOREIGN KEY (usuarioid) REFERENCES public.usuarios(usuarioid) ON UPDATE RESTRICT ON DELETE CASCADE;


--
-- TOC entry 3287 (class 2606 OID 16536)
-- Name: usuarios_authorized_grant_types user_fk4; Type: FK CONSTRAINT; Schema: public; Owner: snmnriznbzwqdz
--

ALTER TABLE ONLY public.usuarios_authorized_grant_types
    ADD CONSTRAINT user_fk4 FOREIGN KEY (usuarioid) REFERENCES public.usuarios(usuarioid) ON UPDATE RESTRICT ON DELETE CASCADE;


-- Completed on 2021-11-30 12:30:18

--
-- snmnriznbzwqdzQL database dump complete
--

